lap,rear_wing_angle_deg,rear_ride_height_mm,sector_3_time_s,top_speed_kph
1,5,35,33.0949,286.761
2,5,35,32.9325,287.079
3,5,35,33.0858,287.261
4,5,35,33.0472,287.059
5,5,35,33.0534,287.463
1,5,40,32.9361,286.521
2,5,40,32.73,286.709
3,5,40,32.7808,286.703
4,5,40,32.978,287.134
5,5,40,32.8303,286.472
1,5,45,32.9635,286.545
2,5,45,33.0157,286.576
3,5,45,32.9765,286.706
4,5,45,33.0004,286.625
5,5,45,33.0082,286.63
1,6,35,32.4834,286.76
2,6,35,32.5209,286.351
3,6,35,32.4381,286.385
4,6,35,32.5579,286.531
5,6,35,32.5651,286.646
1,6,40,32.3253,286.352
2,6,40,32.3773,285.968
3,6,40,32.3823,286.089
4,6,40,32.3583,286.548
5,6,40,32.4616,286.33
1,6,45,32.5343,285.665
2,6,45,32.482,285.905
3,6,45,32.3373,285.966
4,6,45,32.4781,285.731
5,6,45,32.4028,285.55
1,7,35,32.0579,285.797
2,7,35,32.0517,286.073
3,7,35,32.0445,285.667
4,7,35,31.9701,285.512
5,7,35,32.0382,286.216
1,7,40,31.7873,285.65
2,7,40,31.9041,285.245
3,7,40,31.8118,285.006
4,7,40,31.9246,285.439
5,7,40,31.8844,285.442
1,7,45,32.0816,284.894
2,7,45,31.973,284.861
3,7,45,31.9496,285.051
4,7,45,32.0365,285.319
5,7,45,32.0335,285.081
1,8,35,31.7017,285.293
2,8,35,31.7102,285.626
3,8,35,31.7497,285.367
4,8,35,31.6562,285.369
5,8,35,31.6067,285.23
1,8,40,31.6065,284.913
2,8,40,31.5086,284.753
3,8,40,31.5094,284.697
4,8,40,31.5485,284.721
5,8,40,31.5995,284.831
1,8,45,31.763,284.712
2,8,45,31.6885,284.444
3,8,45,31.8043,284.566
4,8,45,31.704,284.253
5,8,45,31.6911,284.38
1,9,35,31.3704,284.665
2,9,35,31.3749,284.464
3,9,35,31.413,284.614
4,9,35,31.5088,284.767
5,9,35,31.5367,284.768
1,9,40,31.2753,284.404
2,9,40,31.4419,284.107
3,9,40,31.378,284.745
4,9,40,31.3041,284.631
5,9,40,31.3376,284.373
1,9,45,31.5345,283.963
2,9,45,31.6034,284.355
3,9,45,31.5132,283.873
4,9,45,31.5883,284.034
5,9,45,31.4735,283.927
1,10,35,31.2951,283.508
2,10,35,31.4008,283.663
3,10,35,31.297,283.84
4,10,35,31.2604,284.05
5,10,35,31.3779,283.801
1,10,40,31.208,283.652
2,10,40,31.0613,283.697
3,10,40,31.2362,283.316
4,10,40,31.2308,283.843
5,10,40,31.1933,283.818
1,10,45,31.434,283.135
2,10,45,31.496,283.207
3,10,45,31.4143,283.26
4,10,45,31.4554,283.044
5,10,45,31.4247,283.438
1,11,35,31.2376,283.353
2,11,35,31.2966,283.209
3,11,35,31.3021,283.511
4,11,35,31.3338,283.387
5,11,35,31.255,283.093
1,11,40,31.3716,282.85
2,11,40,31.3222,283.1
3,11,40,31.2256,283.124
4,11,40,31.2038,282.63
5,11,40,31.2069,282.831
1,11,45,31.4959,282.731
2,11,45,31.4159,282.395
3,11,45,31.4293,282.663
4,11,45,31.4343,282.377
5,11,45,31.4217,282.251
1,12,35,31.4778,282.591
2,12,35,31.3934,282.074
3,12,35,31.3639,282.226
4,12,35,31.3919,282.404
5,12,35,31.467,282.232
1,12,40,31.4157,282.374
2,12,40,31.3524,282.718
3,12,40,31.4225,282.065
4,12,40,31.3648,281.878
5,12,40,31.2363,281.81
1,12,45,31.5754,281.547
2,12,45,31.5868,281.548
3,12,45,31.5818,282.125
4,12,45,31.6217,281.903
5,12,45,31.6096,281.67
1,13,35,31.6089,281.865
2,13,35,31.5393,281.567
3,13,35,31.7009,281.371
4,13,35,31.567,281.866
5,13,35,31.5351,281.352
1,13,40,31.6449,281.704
2,13,40,31.5819,281.255
3,13,40,31.5625,281.686
4,13,40,31.4127,281.204
5,13,40,31.5209,281.314
1,13,45,31.7467,281.207
2,13,45,31.8412,281.148
3,13,45,31.7977,280.937
4,13,45,31.8254,280.887
5,13,45,31.8322,281.682
