rear_wing_angle_deg,rear_ride_height_mm,mean_sector_3_time_s,std_sector_3_time_s,mean_top_speed_kph,std_top_speed_kph,valid_laps
5,35,33.04276,0.06492536484302672,287.1246,0.26062770382289735,5
5,40,32.85104,0.10412556362392787,286.7078,0.2608480400539817,5
5,45,32.99286,0.022042527078355002,286.6164,0.06127234286362461,5
6,35,32.51308,0.05310124292330442,286.5346,0.17271160933764804,5
6,40,32.38096,0.050322738399257966,286.2574,0.22955347960769043,5
6,45,32.4469,0.07713815527999174,285.7634,0.17129594274236482,5
7,35,32.03248,0.035651255237369624,285.85299999999995,0.2890423844352236,5
7,40,31.86244,0.059774768924689095,285.3564,0.24266293495299493,5
7,45,32.01484,0.0531062425709054,285.0412,0.18234088954483285,5
8,35,31.6849,0.05490969859687959,285.377,0.15069007930185951,5
8,40,31.5545,0.04718532610886453,284.783,0.0885211839053185,5
8,45,31.73018,0.05128544627864773,284.471,0.17581240001772763,5
9,35,31.44076,0.07728617599545193,284.6556,0.1260686321017169,5
9,40,31.347379999999998,0.06526091479591681,284.452,0.24771959954755426,5
9,45,31.542579999999997,0.05359549421359936,284.0304,0.1906483674202368,5
10,35,31.326240000000002,0.05997401937505925,283.7724,0.20268522393107632,5
10,40,31.18592,0.0717886272330091,283.6652,0.21100165876127144,5
10,45,31.44488,0.0323445049428793,283.2168,0.14785364385094238,5
11,35,31.285019999999996,0.03858486750009748,283.3106,0.1623785700146497,5
11,40,31.266020000000005,0.0763275965821,282.90700000000004,0.20621105692956418,5
11,45,31.439420000000002,0.03234891033713434,282.48339999999996,0.204148965219053,5
12,35,31.418799999999997,0.05046538417569019,282.3054,0.19781759274643262,5
12,40,31.35834,0.07479547446202996,282.169,0.37676385176926913,5
12,45,31.59506,0.019695634033968176,281.7586,0.2510364515364204,5
13,35,31.59024,0.06850042335635596,281.6042,0.2529460416768852,5
13,40,31.544580000000003,0.0862135256209827,281.4326,0.24276284723986338,5
13,45,31.808640000000004,0.03825039869073172,281.17220000000003,0.31557518913881005,5
